{
  "IcoMoonType": "selection",
  "icons": [
    {
      "icon": {
        "paths": [
          "M705.55 888.736l-583.87-583.869c-14.009-14.010-21.013-31.020-21.013-51.033s7.004-37.024 21.013-51.033l69.043-67.543c14.010-14.009 30.769-21.014 50.282-21.014s36.774 7.005 51.784 21.014l463.793 462.293 463.795-462.293c15.008-14.009 32.27-21.014 51.782-21.014s36.273 7.005 50.282 21.014l69.045 67.543c14.008 14.008 21.012 31.020 21.012 51.033s-7.004 37.023-21.012 51.033l-583.871 583.869c-14.008 14.008-31.020 21.014-51.033 21.014s-37.023-7.006-51.033-21.014z"
        ],
        "attrs": [
          {
            "fill": "rgb(135, 134, 128)"
          }
        ],
        "width": 1536,
        "isMulticolor": false,
        "isMulticolor2": false,
        "grid": 0,
        "tags": [
          "error"
        ]
      },
      "attrs": [
        {
          "fill": "rgb(135, 134, 128)"
        }
      ],
      "properties": {
        "order": 49,
        "id": 1,
        "name": "error",
        "prevSize": 32,
        "code": 59658
      },
      "setIdx": 1,
      "setId": 6,
      "iconIdx": 1
    }
  ],
  "height": 1024,
  "preferences": {
    "showGlyphs": true,
    "showQuickUse": true,
    "showQuickUse2": true,
    "showSVGs": true,
    "fontPref": {
      "prefix": "icon-",
      "metadata": {
        "fontFamily": "icomoon"
      },
      "metrics": {
        "emSize": 1024,
        "baseline": 6.25,
        "whitespace": 50
      },
      "embed": false
    },
    "imagePref": {
      "prefix": "icon-",
      "png": true,
      "useClassSelector": true,
      "color": 0,
      "bgColor": 16777215,
      "classSelector": ".icon",
      "name": "icomoon"
    },
    "historySize": 50,
    "showCodes": true,
    "gridSize": 16
  }
}